{
  "id": "5915aa9a-323d-471c-b1e1-bbf2e045a98b",
  "name": "animal",
  "isOverridable": true,
  "entries": [
    {
      "value": "cat",
      "synonyms": [
        "cat",
        "cats",
        "furry friends",
        "felines",
        "feline"
      ]
    },
    {
      "value": "dog",
      "synonyms": [
        "dog",
        "dogs",
        "man\u0027s best friend"
      ]
    },
    {
      "value": "indian giant squirrel",
      "synonyms": [
        "indian giant squirrel",
        "squirrel",
        "that red squirrel",
        "that cure squirrel"
      ]
    }
  ],
  "isEnum": false,
  "automatedExpansion": false
}